Application 1, Application 2, Application 3, Cores App 1, Cores App 2, Cores App 3, Power Stripe 1, Power Stripe 2, Power Stripe 3, Power Stripe 4, Ratio App 1, Avg. Ratio 1, Time App 1, Avg. Time 1, Ratio App 2, Avg. Ratio 2, Time App 2, Avg. Time 2, Ratio App 3, Avg. Ratio 3, Time App 3, Avg. Time 3 
prim,sobel,,[8 9 10 11],[8 9 10 11],,412,468,446,241,[0.992 0.855 0.86 0.724],0.85775,[25237 43942 31314 39133],34906,[0.593 0.434 0.327 0.263],0.40425,[47882 65243 86419 107529],76768,,,,
prim,sobel,,[8 9 10 11],[9 10 11 12],,749,669,406,245,[0.992 0.826 0.851 0.731],0.85,[25257 42596 32249 37483],34396,[0.552 0.392 0.303 0.252],0.37475,[51431 72366 93444 111412],82163,,,,
prim,sobel,,[8 9 10 11],[10 11 12 13],,725,583,542,208,[0.987 0.853 0.853 0.685],0.8445,[24935 37936 31466 37443],32945,[0.515 0.374 0.301 0.245],0.35875,[55088 75986 93738 114924],84934,,,,
prim,sobel,,[8 9 10 11],[11 12 13 14],,638,416,429,242,[0.988 0.807 0.854 0.691],0.835,[25206 38017 31551 37648],33105,[0.512 0.388 0.299 0.237],0.359,[55307 72684 94056 118764],85202,,,,
prim,sobel,,[8 9 10 11],[12 13 14 15],,529,313,469,277,[0.992 0.807 0.862 0.653],0.8285,[25346 44115 30956 37102],34379,[0.544 0.387 0.289 0.23],0.3625,[51810 72755 97418 122039],86005,,,,

prim,sobel,,[8 9 10 11],[10 11 12 13],,784,377,479,237,[0.987 0.86 0.852 0.684],0.84575,[24913 38644 31482 37506],33136,[0.514 0.373 0.3 0.245],0.358,[55075 76005 93661 114904],84911,,,,
